{
  "final_val_loss": 0.01734491204842925,
  "final_train_loss": 0.013527544348367624
}