{
  "final_val_loss": 0.02305959351360798,
  "final_train_loss": 0.02454362703221185
}