{
  "final_val_loss": 0.02025016164407134,
  "final_train_loss": 0.013377093111297913
}