{
  "final_val_loss": 0.01608656719326973,
  "final_train_loss": 0.016337673412635922
}